<?xml version="1.0" encoding="UTF-8"?>
<LightningComponentBundle xmlns="http://soap.sforce.com/2006/04/metadata">
    <apiVersion>62.0</apiVersion>
    <isExposed>true</isExposed>
    <targets>
        <target>lightning__RecordPage</target>
    </targets>
    <targetConfigs>
        <targetConfig targets="lightning__RecordPage">
            <objects>
                <object>Case</object>
            </objects>
        </targetConfig>
    </targetConfigs>
    <masterLabel>Case Data Governor</masterLabel>
    <description>Central data management component for Case pages. Loads all case data once and publishes via LMS to child components.</description>
</LightningComponentBundle>
